{
  "Total" : {
    "transaction" : "Total",
    "sampleCount" : 100,
    "errorCount" : 0,
    "errorPct" : 0.0,
    "meanResTime" : 2951.370000000001,
    "medianResTime" : 2783.5,
    "minResTime" : 1508.0,
    "maxResTime" : 4443.0,
    "pct1ResTime" : 4003.9,
    "pct2ResTime" : 4154.3499999999985,
    "pct3ResTime" : 4442.86,
    "throughput" : 19.592476489028215,
    "receivedKBytesPerSec" : 3952.361199549373,
    "sentKBytesPerSec" : 2.219460227272727
  },
  "HTTP Request" : {
    "transaction" : "HTTP Request",
    "sampleCount" : 100,
    "errorCount" : 0,
    "errorPct" : 0.0,
    "meanResTime" : 2951.370000000001,
    "medianResTime" : 2783.5,
    "minResTime" : 1508.0,
    "maxResTime" : 4443.0,
    "pct1ResTime" : 4003.9,
    "pct2ResTime" : 4154.3499999999985,
    "pct3ResTime" : 4442.86,
    "throughput" : 19.592476489028215,
    "receivedKBytesPerSec" : 3952.361199549373,
    "sentKBytesPerSec" : 2.219460227272727
  }
}