{
  "Total" : {
    "transaction" : "Total",
    "sampleCount" : 10,
    "errorCount" : 0,
    "errorPct" : 0.0,
    "meanResTime" : 2380.2,
    "medianResTime" : 2382.5,
    "minResTime" : 2023.0,
    "maxResTime" : 2742.0,
    "pct1ResTime" : 2731.7,
    "pct2ResTime" : 2742.0,
    "pct3ResTime" : 2742.0,
    "throughput" : 3.621876131836291,
    "receivedKBytesPerSec" : 730.6356958529518,
    "sentKBytesPerSec" : 0.41029065555957983
  },
  "HTTP Request" : {
    "transaction" : "HTTP Request",
    "sampleCount" : 10,
    "errorCount" : 0,
    "errorPct" : 0.0,
    "meanResTime" : 2380.2,
    "medianResTime" : 2382.5,
    "minResTime" : 2023.0,
    "maxResTime" : 2742.0,
    "pct1ResTime" : 2731.7,
    "pct2ResTime" : 2742.0,
    "pct3ResTime" : 2742.0,
    "throughput" : 3.621876131836291,
    "receivedKBytesPerSec" : 730.6356958529518,
    "sentKBytesPerSec" : 0.41029065555957983
  }
}